伊勒伯科技股份有限公司,伊勒伯科技股份有限公司,https://www.twfile.com/%E4%BC%8A%E5%8B%92%E4%BC%AF%E7%A7%91%E6%8A%80%E8%82%A1%E4%BB%BD%E6%9C%89%E9%99%90%E5%85%AC%E5%8F%B8/24765954
啟基生技股份有限公司,啟基生技股份有限公司,https://www.twfile.com/%E5%95%9F%E5%9F%BA%E7%94%9F%E6%8A%80%E8%82%A1%E4%BB%BD%E6%9C%89%E9%99%90%E5%85%AC%E5%8F%B8/24210765
捷健國際股份有限公司,捷健國際股份有限公司,https://www.twfile.com/%E6%8D%B7%E5%81%A5%E5%9C%8B%E9%9A%9B%E8%82%A1%E4%BB%BD%E6%9C%89%E9%99%90%E5%85%AC%E5%8F%B8/12727371
一力藥廠股份有限公司,一力藥廠股份有限公司,https://www.twfile.com/%E4%B8%80%E5%8A%9B%E8%97%A5%E5%BB%A0%E8%82%A1%E4%BB%BD%E6%9C%89%E9%99%90%E5%85%AC%E5%8F%B8/75000208
一百實業股份有限公司,一百實業股份有限公司,https://www.twfile.com/%E4%B8%80%E7%99%BE%E5%AF%A6%E6%A5%AD%E8%82%A1%E4%BB%BD%E6%9C%89%E9%99%90%E5%85%AC%E5%8F%B8/30884339
一成藥品股份有限公司,一成藥品股份有限公司,https://www.twfile.com/%E4%B8%80%E6%88%90%E8%97%A5%E5%93%81%E8%82%A1%E4%BB%BD%E6%9C%89%E9%99%90%E5%85%AC%E5%8F%B8/12337417
一安堂企業股份有限公司,一安堂企業股份有限公司,https://www.twfile.com/%E4%B8%80%E5%AE%89%E5%A0%82%E4%BC%81%E6%A5%AD%E8%82%A1%E4%BB%BD%E6%9C%89%E9%99%90%E5%85%AC%E5%8F%B8/66271622
丸和企業股份有限公司,丸和企業股份有限公司,https://www.twfile.com/%E4%B8%B8%E5%92%8C%E4%BC%81%E6%A5%AD%E8%82%A1%E4%BB%BD%E6%9C%89%E9%99%90%E5%85%AC%E5%8F%B8/88002989
丸和企業股份有限公司,丸和企業股份有限公司台北連絡處,https://www.twfile.com/%E4%B8%B8%E5%92%8C%E4%BC%81%E6%A5%AD%E8%82%A1%E4%BB%BD%E6%9C%89%E9%99%90%E5%85%AC%E5%8F%B8%E5%8F%B0%E5%8C%97%E9%80%A3%E7%B5%A1%E8%99%95/17515426
丸和企業股份有限公司,丸和企業股份有限公司,https://www.twfile.com/%E4%B8%B8%E5%92%8C%E4%BC%81%E6%A5%AD%E8%82%A1%E4%BB%BD%E6%9C%89%E9%99%90%E5%85%AC%E5%8F%B8/88002989
丸和企業股份有限公司,丸和企業股份有限公司台北連絡處,https://www.twfile.com/%E4%B8%B8%E5%92%8C%E4%BC%81%E6%A5%AD%E8%82%A1%E4%BB%BD%E6%9C%89%E9%99%90%E5%85%AC%E5%8F%B8%E5%8F%B0%E5%8C%97%E9%80%A3%E7%B5%A1%E8%99%95/17515426
丸和企業股份有限公司,丸和企業股份有限公司,https://www.twfile.com/%E4%B8%B8%E5%92%8C%E4%BC%81%E6%A5%AD%E8%82%A1%E4%BB%BD%E6%9C%89%E9%99%90%E5%85%AC%E5%8F%B8/88002989
丸和企業股份有限公司,丸和企業股份有限公司台北連絡處,https://www.twfile.com/%E4%B8%B8%E5%92%8C%E4%BC%81%E6%A5%AD%E8%82%A1%E4%BB%BD%E6%9C%89%E9%99%90%E5%85%AC%E5%8F%B8%E5%8F%B0%E5%8C%97%E9%80%A3%E7%B5%A1%E8%99%95/17515426
丸和企業股份有限公司,丸和企業股份有限公司,https://www.twfile.com/%E4%B8%B8%E5%92%8C%E4%BC%81%E6%A5%AD%E8%82%A1%E4%BB%BD%E6%9C%89%E9%99%90%E5%85%AC%E5%8F%B8/88002989
丸和企業股份有限公司,丸和企業股份有限公司台北連絡處,https://www.twfile.com/%E4%B8%B8%E5%92%8C%E4%BC%81%E6%A5%AD%E8%82%A1%E4%BB%BD%E6%9C%89%E9%99%90%E5%85%AC%E5%8F%B8%E5%8F%B0%E5%8C%97%E9%80%A3%E7%B5%A1%E8%99%95/17515426
丸和企業股份有限公司,丸和企業股份有限公司,https://www.twfile.com/%E4%B8%B8%E5%92%8C%E4%BC%81%E6%A5%AD%E8%82%A1%E4%BB%BD%E6%9C%89%E9%99%90%E5%85%AC%E5%8F%B8/88002989
丸和企業股份有限公司,丸和企業股份有限公司台北連絡處,https://www.twfile.com/%E4%B8%B8%E5%92%8C%E4%BC%81%E6%A5%AD%E8%82%A1%E4%BB%BD%E6%9C%89%E9%99%90%E5%85%AC%E5%8F%B8%E5%8F%B0%E5%8C%97%E9%80%A3%E7%B5%A1%E8%99%95/17515426
丸和企業股份有限公司,丸和企業股份有限公司,https://www.twfile.com/%E4%B8%B8%E5%92%8C%E4%BC%81%E6%A5%AD%E8%82%A1%E4%BB%BD%E6%9C%89%E9%99%90%E5%85%AC%E5%8F%B8/88002989
丸和企業股份有限公司,丸和企業股份有限公司台北連絡處,https://www.twfile.com/%E4%B8%B8%E5%92%8C%E4%BC%81%E6%A5%AD%E8%82%A1%E4%BB%BD%E6%9C%89%E9%99%90%E5%85%AC%E5%8F%B8%E5%8F%B0%E5%8C%97%E9%80%A3%E7%B5%A1%E8%99%95/17515426
丸和企業股份有限公司,丸和企業股份有限公司,https://www.twfile.com/%E4%B8%B8%E5%92%8C%E4%BC%81%E6%A5%AD%E8%82%A1%E4%BB%BD%E6%9C%89%E9%99%90%E5%85%AC%E5%8F%B8/88002989
丸和企業股份有限公司,丸和企業股份有限公司台北連絡處,https://www.twfile.com/%E4%B8%B8%E5%92%8C%E4%BC%81%E6%A5%AD%E8%82%A1%E4%BB%BD%E6%9C%89%E9%99%90%E5%85%AC%E5%8F%B8%E5%8F%B0%E5%8C%97%E9%80%A3%E7%B5%A1%E8%99%95/17515426
丸和企業股份有限公司,丸和企業股份有限公司,https://www.twfile.com/%E4%B8%B8%E5%92%8C%E4%BC%81%E6%A5%AD%E8%82%A1%E4%BB%BD%E6%9C%89%E9%99%90%E5%85%AC%E5%8F%B8/88002989
丸和企業股份有限公司,丸和企業股份有限公司台北連絡處,https://www.twfile.com/%E4%B8%B8%E5%92%8C%E4%BC%81%E6%A5%AD%E8%82%A1%E4%BB%BD%E6%9C%89%E9%99%90%E5%85%AC%E5%8F%B8%E5%8F%B0%E5%8C%97%E9%80%A3%E7%B5%A1%E8%99%95/17515426
丸和企業股份有限公司,丸和企業股份有限公司,https://www.twfile.com/%E4%B8%B8%E5%92%8C%E4%BC%81%E6%A5%AD%E8%82%A1%E4%BB%BD%E6%9C%89%E9%99%90%E5%85%AC%E5%8F%B8/88002989
丸和企業股份有限公司,丸和企業股份有限公司台北連絡處,https://www.twfile.com/%E4%B8%B8%E5%92%8C%E4%BC%81%E6%A5%AD%E8%82%A1%E4%BB%BD%E6%9C%89%E9%99%90%E5%85%AC%E5%8F%B8%E5%8F%B0%E5%8C%97%E9%80%A3%E7%B5%A1%E8%99%95/17515426
丸和企業股份有限公司,丸和企業股份有限公司,https://www.twfile.com/%E4%B8%B8%E5%92%8C%E4%BC%81%E6%A5%AD%E8%82%A1%E4%BB%BD%E6%9C%89%E9%99%90%E5%85%AC%E5%8F%B8/88002989
丸和企業股份有限公司,丸和企業股份有限公司台北連絡處,https://www.twfile.com/%E4%B8%B8%E5%92%8C%E4%BC%81%E6%A5%AD%E8%82%A1%E4%BB%BD%E6%9C%89%E9%99%90%E5%85%AC%E5%8F%B8%E5%8F%B0%E5%8C%97%E9%80%A3%E7%B5%A1%E8%99%95/17515426
大軸化工有限公司,大軸化工有限公司,https://www.twfile.com/%E5%A4%A7%E8%BB%B8%E5%8C%96%E5%B7%A5%E6%9C%89%E9%99%90%E5%85%AC%E5%8F%B8/01630456
千峮國際有限公司,千峮國際有限公司,https://www.twfile.com/%E5%8D%83%E5%B3%AE%E5%9C%8B%E9%9A%9B%E6%9C%89%E9%99%90%E5%85%AC%E5%8F%B8/89596658
