營養保健類,婕樂纖 複方金盞花葉黃素EX飲,02_detail.php?pdid=5896
營養保健類,固立穩定®,02_detail.php?pdid=5888
營養保健類,burner倍熱食事纖纖® FIP100纖維粉,02_detail.php?pdid=5754
營養保健類,婕樂纖 纖飄錠,02_detail.php?pdid=5899
營養保健類,雅芳康采金盞花葉黃素加強飲EX,02_detail.php?pdid=5860
營養保健類,優倍鈣,02_detail.php?pdid=5760
營養保健類,益比喜 S702黃金成長素 (香草風味),02_detail.php?pdid=5800
營養保健類,東森活泉精華膠囊,02_detail.php?pdid=5774
營養保健類,綠芙特級高單位蜂膠軟膠囊,02_detail.php?pdid=5763
營養保健類,強利抗,02_detail.php?pdid=5719
營養保健類,葡眾貝納 Q10 膠囊,02_detail.php?pdid=5790
營養保健類,康悅兒乳酸菌顆粒 (陽光益生菌),02_detail.php?pdid=5829
營養保健類,葡眾寧康福膠囊,02_detail.php?pdid=5830
營養保健類,娘家明適保,02_detail.php?pdid=5823
營養保健類,大藥視立康,02_detail.php?pdid=5987
營養保健類,黑松葉黃素濃縮精,02_detail.php?pdid=5773
營養保健類,寶立晶Q凍,02_detail.php?pdid=5622
營養保健類,山本365億生菌粉包,02_detail.php?pdid=5621
營養保健類,智靈捷猴頭菇菌絲體膠囊-3倍猴頭素升級版,02_detail.php?pdid=5855
營養保健類,穩糖PLUS,02_detail.php?pdid=5932
營養保健類,優關鍵,02_detail.php?pdid=5814
營養保健類,黃金速纖凍,02_detail.php?pdid=5755
營養保健類,濃縮蘆薈汁-葡萄口味,02_detail.php?pdid=5937
營養保健類,濃縮蘆薈汁-原味,02_detail.php?pdid=5936
營養保健類,靈芝活醣,02_detail.php?pdid=5580
營養保健類,藻衡糖專利平衡配方膠囊,02_detail.php?pdid=5854
營養保健類,吉品保健 益敏蔬酵-雙效益生凍,02_detail.php?pdid=5547
營養保健類,旺萊山–高單位鳳梨酵素(膠囊),02_detail.php?pdid=5552
營養保健類,日本味王 金盞花葉黃素膠囊(B群特別版),02_detail.php?pdid=5568
營養保健類,醇白靓飲,02_detail.php?pdid=5571
營養保健類,飛跑®葡鯊錠®,02_detail.php?pdid=5588
營養保健類,弘茂鳳梨精華素膠囊 ,02_detail.php?pdid=5594
營養保健類,LONGUS　葉黃素咀嚼錠,02_detail.php?pdid=5596
營養保健類,雲飛葉黃素PLUS,02_detail.php?pdid=5598
營養保健類,研褐-二代小分子褐藻醣膠,02_detail.php?pdid=5601
營養保健類,婕樂纖 纖纖輕鬆飲X,02_detail.php?pdid=5609
營養保健類,婕樂纖 植萃纖酵宿,02_detail.php?pdid=5610
營養保健類,敏舒益生菌,02_detail.php?pdid=5612
營養保健類,娘家常溫滴雞精,02_detail.php?pdid=5627
營養保健類,娘家熬雞精,02_detail.php?pdid=5628
營養保健類,娘家大紅麴膠囊,02_detail.php?pdid=5629
營養保健類,芳茲日月養生滴雞精,02_detail.php?pdid=5630
營養保健類,芳茲日月養生滴魚精,02_detail.php?pdid=5631
營養保健類,金車補給園薑黃萃取物+GSH複方膠囊,02_detail.php?pdid=5641
營養保健類,馬修嚴選優格益生菌,02_detail.php?pdid=5662
營養保健類,歐3加福精萃濃縮DHA ,02_detail.php?pdid=5709
營養保健類,Aicom 艾力康-艾智明靈光飲,02_detail.php?pdid=5711
營養保健類,葉黃素(金盞花萃取物)EX膠囊,02_detail.php?pdid=5718
營養保健類,光泉優質蛋白牛乳(原味),02_detail.php?pdid=5743
營養保健類,領醫裸光飲,02_detail.php?pdid=5759
營養保健類,原基飲大豆胜肽營養液,02_detail.php?pdid=5772
營養保健類,領醫光纖凍,02_detail.php?pdid=5779
營養保健類,美顏功能飲PRO,02_detail.php?pdid=5780
營養保健類,歐3加福精萃濃縮EPA ,02_detail.php?pdid=5708
營養保健類,益智利—EZ錠,02_detail.php?pdid=5695
營養保健類,Energy 守護陽光錠,02_detail.php?pdid=5696
營養保健類,安永鮮物 鱸魚精,02_detail.php?pdid=5679
營養保健類,金盞花萃取葉黃素+紅藻萃取蝦紅素複方軟膠囊,02_detail.php?pdid=5680
營養保健類,特益康®D3-800錠,02_detail.php?pdid=4705
營養保健類,特孕安®綜合維他命膜衣錠,02_detail.php?pdid=4941
營養保健類,樟芝人參滋補液,02_detail.php?pdid=5593
營養保健類,常春藤 好世界ExPlus軟膠囊,02_detail.php?pdid=5004
營養保健類,赫里萊比 葡萄糖胺鮭魚錠,02_detail.php?pdid=4952
營養保健類,常春藤 好孕氣藻油DHA軟膠囊,02_detail.php?pdid=4927
營養保健類,巴部農天然鹼性礦泉水,02_detail.php?pdid=5225
營養保健類,寶斯特+益菌-粉末食品,02_detail.php?pdid=5395
營養保健類,晶采超臨界魚油,02_detail.php?pdid=5073
營養保健類,益植五佳酚-粉末食品,02_detail.php?pdid=5389
營養保健類,易利抗金飲養,02_detail.php?pdid=5296
營養保健類,法國魚鱗膠原蛋白,02_detail.php?pdid=4974
營養保健類,康見寶,02_detail.php?pdid=4912
營養保健類,娘家益生菌順暢有酵強效版,02_detail.php?pdid=5253
營養保健類,醣利佳膠囊,02_detail.php?pdid=5263
營養保健類,暢且利膠囊,02_detail.php?pdid=5252
營養保健類,營養纖維粉 蘋果口味,02_detail.php?pdid=5246
營養保健類,營養纖維粉 原味,02_detail.php?pdid=5245
營養保健類,夜寧新,02_detail.php?pdid=5243
營養保健類,優質蛋白粉,02_detail.php?pdid=5244
營養保健類,康采B群維他命,02_detail.php?pdid=5239
營養保健類,康采南瓜籽茄紅素膠囊,02_detail.php?pdid=5238
營養保健類,康采紅麴膠囊 ,02_detail.php?pdid=5237
營養保健類,康采頂級牛樟芝精華飲升級版,02_detail.php?pdid=5231
營養保健類,康采日本納豆膠囊,02_detail.php?pdid=5230
營養保健類,康采TG型小魚魚油 ,02_detail.php?pdid=5229
營養保健類,船井®益生菌口嚼錠,02_detail.php?pdid=5377
營養保健類,船井®牛奶鈣魚膠原粉,02_detail.php?pdid=5228
營養保健類,醇耀妍,02_detail.php?pdid=5203
營養保健類,雙樂纖膠囊,02_detail.php?pdid=5201
營養保健類,醣肽宗納豆紅麴素食膠囊,02_detail.php?pdid=5180
營養保健類,鱸魚精萃養生飲,02_detail.php?pdid=5163
營養保健類,衡好益®plus特調益生菌,02_detail.php?pdid=5151
營養保健類,80%機能魚油,02_detail.php?pdid=5118
營養保健類,極品牛樟芝錠,02_detail.php?pdid=5116
營養保健類,黑蒜精,02_detail.php?pdid=4871
營養保健類,懷特耆力®,02_detail.php?pdid=5082
營養保健類,TAIZAKU 赤晶對策EX,02_detail.php?pdid=5079
營養保健類,識霸,02_detail.php?pdid=5076
營養保健類,識霸明力多,02_detail.php?pdid=5077
營養保健類,識霸明力多素食版,02_detail.php?pdid=5078
營養保健類,大學金愛爾明微粒膠囊,02_detail.php?pdid=5049
營養保健類,日美滋補多(粉包）,02_detail.php?pdid=4996
營養保健類,日美滋補多(膠囊）,02_detail.php?pdid=5373
營養保健類,石安滴雞精,02_detail.php?pdid=5039
營養保健類,華陀蔘鹿膠囊,02_detail.php?pdid=4971
營養保健類,Aicom 艾力康-燕窩胜肽賦活飲,02_detail.php?pdid=5080
營養保健類,杜邦可久利®勁力飲品,02_detail.php?pdid=5023
營養保健類,悠活原力 綜合維生素B群緩釋膜衣錠,02_detail.php?pdid=4948
營養保健類,華陀鴕鳥龜鹿精Plus,02_detail.php?pdid=4888
營養保健類,MSPP®超胜肽多元膠原蛋白,02_detail.php?pdid=4983
營養保健類,益生菌粉狀沖泡食品,02_detail.php?pdid=4982
營養保健類,芝麻香穗 EX 膠囊,02_detail.php?pdid=4981
營養保健類,甲魚精-P膠囊狀食品,02_detail.php?pdid=4980
營養保健類,人可和益生定(靈芝添加),02_detail.php?pdid=4970
營養保健類,IGY 衛立寧膠囊／IGY衛舒寧膠囊／IGY常衛寧膠囊,02_detail.php?pdid=4962
營養保健類,飛樂青春膠囊,02_detail.php?pdid=4961
營養保健類,韻佳鈣膠囊食品,02_detail.php?pdid=4928
營養保健類,小飛跑QQ球 （海藻DHA+專利葉黃素）,02_detail.php?pdid=4921
營養保健類,婕樂纖高機能益生菌,02_detail.php?pdid=4903
營養保健類,大研德國頂級魚油,02_detail.php?pdid=4899
營養保健類,華陀古傳滴雞精,02_detail.php?pdid=4887
營養保健類,水晶靈金盞草葉黃素,02_detail.php?pdid=4865
營養保健類,暮光Magic W 魔晶球,02_detail.php?pdid=4864
營養保健類,逆棠軟膠囊食品,02_detail.php?pdid=4831
營養保健類,300億機能益生菌,02_detail.php?pdid=4823
營養保健類,你滋美得 真活益菌升級版 粉末(優格口味),02_detail.php?pdid=4807
營養保健類,丹淨® 霾清甘露,02_detail.php?pdid=4787
營養保健類,賀寶芙甲殼纖維素膠囊,02_detail.php?pdid=4703
營養保健類,關捷寶營養錠,02_detail.php?pdid=4702
營養保健類,優適專利金盞花萃取物葉黃素複方膠囊,02_detail.php?pdid=4684
營養保健類,唐輕樂 - 膠囊食品 ,02_detail.php?pdid=4652
營養保健類,光泉高鈣牛乳,02_detail.php?pdid=4645
營養保健類,雅芳康采頂級活人蔘精華飲升級版,02_detail.php?pdid=4628
營養保健類,雅芳康采極緻青春加強精華飲Ex 減糖版,02_detail.php?pdid=4627
營養保健類,葡萄王樟芝菌絲體濾掛咖啡,02_detail.php?pdid=4623
營養保健類,欣悅康沖泡飲,02_detail.php?pdid=4621
營養保健類,康爾喜(N)乳酸菌顆粒,02_detail.php?pdid=4620
營養保健類,葡眾樂優乳酸菌顆粒,02_detail.php?pdid=4619
營養保健類,葡眾靚妍飲,02_detail.php?pdid=4583
營養保健類,酐衛複方草本精華膠囊,02_detail.php?pdid=4582
營養保健類,逆奇軟膠囊食品,02_detail.php?pdid=4473
營養保健類,益生菌果寡糖,02_detail.php?pdid=4464
營養保健類,優兒康 幼兒乳鐵蛋白粉,02_detail.php?pdid=4371
營養保健類,惠健黑醋栗金盞花葉黃飲,02_detail.php?pdid=4459
營養保健類,輔關錠Plus,02_detail.php?pdid=4425
營養保健類,恩能康見-海藻鈣粉,02_detail.php?pdid=4424
營養保健類,Double Power纖歲抹茶,02_detail.php?pdid=4418
營養保健類,你滋美得愛明晶萃配方軟膠囊,02_detail.php?pdid=4394
營養保健類,哈克麗康-晶亮葉黃膠囊,02_detail.php?pdid=4372
營養保健類,大學金寶明脆皮軟糖,02_detail.php?pdid=4351
營養保健類,固智膠囊,02_detail.php?pdid=4348
營養保健類,好敏捷,02_detail.php?pdid=4346
營養保健類,娜妍膠原蛋白飲,02_detail.php?pdid=4339
營養保健類,活力 mama 卵磷脂 Lecithin1200mg 膠囊食品,02_detail.php?pdid=4333
營養保健類,紫錐花丹蔘護體飲,02_detail.php?pdid=4317
營養保健類,安可健納豆紅麴膠囊,02_detail.php?pdid=4284
營養保健類,普力活FIRE粉末食品(原味),02_detail.php?pdid=4127
營養保健類,普力活FIRE粉末食品(蘋果風味),02_detail.php?pdid=4128
營養保健類,S11益生菌,02_detail.php?pdid=4270
營養保健類,益菌王粉末顆粒,02_detail.php?pdid=4216
營養保健類,益菌王膠囊,02_detail.php?pdid=4215
營養保健類,永生福朗膠囊,02_detail.php?pdid=4214
營養保健類,康爾喜乳酸菌顆粒,02_detail.php?pdid=4212
營養保健類,頂級鮮奶優酪,02_detail.php?pdid=4162
營養保健類,龍循順膠囊 HLP (食品),02_detail.php?pdid=4161
營養保健類,預倍 葉黃素+DHA 藻油 膠囊,02_detail.php?pdid=4160
營養保健類,人可和金薑黃(樟芝添加),02_detail.php?pdid=4135
營養保健類,雅芳康采 A+多莓萃升級版,02_detail.php?pdid=4110
營養保健類,雅芳康采金盞花萃取葉黃素膠囊,02_detail.php?pdid=4107
營養保健類,Double Power 原粹藍藻錠,02_detail.php?pdid=4050
營養保健類,賀寶芙益生菌,02_detail.php?pdid=4042
營養保健類,營養蛋白混合飲料-芒果口味,02_detail.php?pdid=4041
營養保健類,吉寶康均衡營養品,02_detail.php?pdid=4030
營養保健類,優青素纖藻植酵菌順暢包,02_detail.php?pdid=3988
營養保健類,然健魚油軟膠囊,02_detail.php?pdid=3958
營養保健類,享食尚滴雞精,02_detail.php?pdid=3970
營養保健類,研敏最佳三益菌PROBIO68膠囊,02_detail.php?pdid=3929
營養保健類,御禮紅樟芝,02_detail.php?pdid=3900
營養保健類,愛智多DHA藻油膠囊,02_detail.php?pdid=3897
營養保健類,愛舒視金盞花(含葉黃素)藻油膠囊,02_detail.php?pdid=3896
營養保健類,禮得多補多膠囊,02_detail.php?pdid=3796
營養保健類,速益美粉狀飲品,02_detail.php?pdid=3764
營養保健類,清明亮膠囊,02_detail.php?pdid=3734
營養保健類,葡眾活逸康猴頭菇菌絲體顆粒,02_detail.php?pdid=3733
營養保健類,雅芳康采頂級靈芝穩醣精華飲,02_detail.php?pdid=3721
營養保健類,雅芳康采DNA核酸精華飲升級版,02_detail.php?pdid=3718
營養保健類,你滋美得 彈力姬凸飲(燕窩配方),02_detail.php?pdid=3709
營養保健類,百克斯膠囊,02_detail.php?pdid=3708
營養保健類,葡耐因膠囊,02_detail.php?pdid=3700
營養保健類,營養蛋白混合飲料-巧餅,02_detail.php?pdid=3624
營養保健類,營養蛋白混合飲料-拿鐵,02_detail.php?pdid=3623
營養保健類,營養蛋白混合飲料-薄荷巧克力,02_detail.php?pdid=3622
營養保健類,營養蛋白混合飲料-草莓,02_detail.php?pdid=3621
營養保健類,營養蛋白混合飲料-巧克力,02_detail.php?pdid=3620
營養保健類,營養蛋白混合飲料-香草,02_detail.php?pdid=3619
營養保健類,關鍵錠PLUS,02_detail.php?pdid=3601
營養保健類,駿賀保關鍵,02_detail.php?pdid=3572
營養保健類,仙桃牌通汝飲,02_detail.php?pdid=3554
營養保健類,台酒生技原味黑麥汁,02_detail.php?pdid=3547
營養保健類,台酒生技葉黃素軟膠囊,02_detail.php?pdid=3541
營養保健類,娘家存元堂滴雞精,02_detail.php?pdid=3535
營養保健類,娘家滴雞精,02_detail.php?pdid=3534
營養保健類,健康之泉 有機諾麗果綜合果汁 ,02_detail.php?pdid=3529
營養保健類,檸檬發酵液,02_detail.php?pdid=3470
營養保健類,敏動力,02_detail.php?pdid=3462
營養保健類,薑黃拐棗養身液,02_detail.php?pdid=3441
營養保健類,優固湧活力加強配方,02_detail.php?pdid=3439
營養保健類,薑蜆雙寶,02_detail.php?pdid=3434
營養保健類,Double Power 專利7+1雙效益生菌,02_detail.php?pdid=3422
營養保健類,Angel LaLa天使娜拉DHA藻油,02_detail.php?pdid=3412
營養保健類,金車補給園金盞花萃取物葉黃素複方膠囊,02_detail.php?pdid=3240
營養保健類,H24 賦活能量飲,02_detail.php?pdid=3147
營養保健類,台灣好田香檬原汁,02_detail.php?pdid=3516
營養保健類,濃縮蘆薈汁-芒果口味,02_detail.php?pdid=3146
營養保健類,月月美生理飲,02_detail.php?pdid=5611
營養保健類,葡萄王田七瑪卡王精華飲,02_detail.php?pdid=3107
營養保健類,葡萄王晶透雪亮飲,02_detail.php?pdid=3106
營養保健類,貝力耐膠囊,02_detail.php?pdid=3104
營養保健類,農純鄉原淬滴雞精,02_detail.php?pdid=3080
營養保健類,婕樂纖　輕卡肽纖飲,02_detail.php?pdid=5293
營養保健類,高圓清燕窩,02_detail.php?pdid=3077
營養保健類,沛泉菁華,02_detail.php?pdid=3063
營養保健類,牛樟菇子實體膠囊,02_detail.php?pdid=2953
營養保健類,百順蔘力軍,02_detail.php?pdid=2851
營養保健類,常萌源,02_detail.php?pdid=2621
營養保健類,娘家益生菌乳酸菌,02_detail.php?pdid=2905
營養保健類,新舒康魚油,02_detail.php?pdid=2981
營養保健類,超級好抗 美 • 麥飲,02_detail.php?pdid=2977
營養保健類,三德加瑞 多酚精膠囊,02_detail.php?pdid=2972
營養保健類,優青素膠原藤黃果膠囊,02_detail.php?pdid=2936
營養保健類,紫錐花護體飲,02_detail.php?pdid=2884
營養保健類,亞大T8銀耳,02_detail.php?pdid=3645
營養保健類,優活力游離型葉黃素+玻尿酸+蝦紅素滴錠,02_detail.php?pdid=5038
營養保健類,紅麴磷蝦油軟膠囊,02_detail.php?pdid=2543
營養保健類,活益泉膠囊PLUS,02_detail.php?pdid=2770
營養保健類,無瑕膠原,02_detail.php?pdid=2625
營養保健類,人蔘蜆PlusB雙層加強錠,02_detail.php?pdid=2752
營養保健類,葡萄王雲芝王菌絲體膠囊,02_detail.php?pdid=2750
營養保健類,賜多利®IDP奶粉,02_detail.php?pdid=2670
營養保健類,β-聚葡萄糖,02_detail.php?pdid=2667
營養保健類,紫金堂月子水,02_detail.php?pdid=2660
營養保健類,悠康-愛見康葉黃素膠囊(金盞花萃取物),02_detail.php?pdid=2659
營養保健類,你滋美得 激力小麥蛋白,02_detail.php?pdid=2629
營養保健類,KG野菜淨化餐,02_detail.php?pdid=2611
營養保健類,康建牛樟芝,02_detail.php?pdid=2606
營養保健類,DL12健康益菌,02_detail.php?pdid=2600
營養保健類,DLC活力藍藻錠PLUS,02_detail.php?pdid=2599
營養保健類,康萃美活 蜂王乳+芝麻素,02_detail.php?pdid=2578
營養保健類,burner®倍熱®極纖錠,02_detail.php?pdid=2576
營養保健類,莓洛纖鋁箔包,02_detail.php?pdid=1363
營養保健類,康萃美活 DD彈力膠原飲,02_detail.php?pdid=2568
營養保健類,維維樂佳倍優鉻100即飲配方,02_detail.php?pdid=2533
營養保健類,極品樟芝,02_detail.php?pdid=2526
營養保健類,YOYO 敏立清益生菌,02_detail.php?pdid=3976
營養保健類,輔酶Q10魚油膠囊,02_detail.php?pdid=2524
營養保健類,糖祐全,02_detail.php?pdid=2519
營養保健類,新適樂保養級金盞花萃取物(含葉黃素)膠囊,02_detail.php?pdid=2514
營養保健類,鮮・魚油,02_detail.php?pdid=2664
營養保健類,迪康沖泡飲,02_detail.php?pdid=2395
營養保健類,綠淨肽膠囊,02_detail.php?pdid=2308
營養保健類,百順蜂泉蜂膠,02_detail.php?pdid=3642
營養保健類,艾多美洋薊膠囊,02_detail.php?pdid=3938
營養保健類,躍力效,02_detail.php?pdid=2289
營養保健類,台肥集團･台海生技  海礦礦物質濃縮液,02_detail.php?pdid=2283
營養保健類,薑黃傳說X護體飲,02_detail.php?pdid=2275
營養保健類,大學金晶明微粒膠囊,02_detail.php?pdid=2221
營養保健類,悠康-固永壯葡萄糖胺錠,02_detail.php?pdid=2172
營養保健類,陽光康喜 鳳梨酵素,02_detail.php?pdid=2170
營養保健類,沛緹衛丹靈膠囊食品,02_detail.php?pdid=130
營養保健類,力盛沖泡飲,02_detail.php?pdid=1972
營養保健類,花賜康紫錐花寶貝護體飲,02_detail.php?pdid=1942
營養保健類,利得走力膠囊,02_detail.php?pdid=1931
營養保健類,三友安體素均衡營養配方,02_detail.php?pdid=1913
營養保健類,Angel LaLa天使娜拉膠原蛋白胜肽粉,02_detail.php?pdid=1903
營養保健類,山竹養生液,02_detail.php?pdid=1893
營養保健類,Angel LaLa天使娜拉蜂王乳,02_detail.php?pdid=2987
營養保健類,康視界,02_detail.php?pdid=2939
營養保健類,尼多樂,02_detail.php?pdid=1843
營養保健類,寡糖家庭,02_detail.php?pdid=1841
營養保健類,康緹 福為丁(咀嚼錠),02_detail.php?pdid=1840
營養保健類,你滋美得 天然沛霸,02_detail.php?pdid=1817
營養保健類,3日齡台灣蜂王漿膠囊,02_detail.php?pdid=2694
營養保健類,哈克麗康-晶亮葉黃膠囊+,02_detail.php?pdid=1812
營養保健類,醣活力 臻多醣,02_detail.php?pdid=1811
營養保健類,台肥集團･台海生技  膠原葡萄糖胺升級版,02_detail.php?pdid=1783
營養保健類,葡眾原味餐包沖泡飲,02_detail.php?pdid=1763
營養保健類,黃金蜆蛋白,02_detail.php?pdid=1760
營養保健類,膠原蛋白美妍飲,02_detail.php?pdid=1746
營養保健類,SCGF蛋白,02_detail.php?pdid=1728
營養保健類,Angel LaLa 天使娜拉葉黃素(金盞花萃取物) 複方軟膠囊 ,02_detail.php?pdid=2548
營養保健類,康芝王,02_detail.php?pdid=2383
營養保健類,元氣種子枸杞精,02_detail.php?pdid=1676
營養保健類,李時珍-長大人本草精華飲品 (女孩),02_detail.php?pdid=1670
營養保健類,李時珍-青木瓜四物鐵飲料,02_detail.php?pdid=1665
營養保健類,李時珍-長大人本草精華飲品 (男孩),02_detail.php?pdid=1664
營養保健類,樟芝王菌絲體膠囊,02_detail.php?pdid=1652
營養保健類,多登多醣體,02_detail.php?pdid=1644
營養保健類,超級好固,02_detail.php?pdid=1627
營養保健類,長青寶牛樟芝,02_detail.php?pdid=1622
營養保健類,健康主張PPARs星星果油,02_detail.php?pdid=1620
營養保健類,沛緹優酵365液狀食品,02_detail.php?pdid=1619
營養保健類,強喜錠,02_detail.php?pdid=310
營養保健類,樂可康錠,02_detail.php?pdid=673
營養保健類,傑寶A+植物益菌,02_detail.php?pdid=2181
營養保健類,大醫生技水解膠原蛋白粉,02_detail.php?pdid=1990
營養保健類,使立舒精油錠,02_detail.php?pdid=1581
營養保健類,得生納豆紅麴膠囊,02_detail.php?pdid=1313
營養保健類,綠康鮮活極品綠藻錠,02_detail.php?pdid=1476
營養保健類,活荔(荔枝萃取物沖泡飲品),02_detail.php?pdid=1460
營養保健類,超級好抗-膠囊裝,02_detail.php?pdid=1449
營養保健類,靈芝菌絲體御品人蔘精華飲,02_detail.php?pdid=1447
營養保健類,李時珍-頂級四物鐵飲料,02_detail.php?pdid=1439
營養保健類,蘆薈凝膠汁,02_detail.php?pdid=355
營養保健類,賜百齡,02_detail.php?pdid=37
營養保健類,瑞芙儷®女性益生菌膠囊,02_detail.php?pdid=1610
營養保健類,金牌易利抗,02_detail.php?pdid=1850
營養保健類,綠康鮮活四年令頂級珍珠粉,02_detail.php?pdid=1395
營養保健類,葡眾餐包沖泡飲,02_detail.php?pdid=1764
營養保健類,三機有機大燕麥片,02_detail.php?pdid=1373
營養保健類,台肥集團･台海生技  海礦1400,02_detail.php?pdid=1370
營養保健類,台肥集團･台海生技  Taiwan Yes 鎂日清®粉末包-蔓越莓口味,02_detail.php?pdid=1369
營養保健類,富康褐藻糖膠,02_detail.php?pdid=1366
營養保健類,綠康鮮活頂級螺旋藻（藍藻）錠,02_detail.php?pdid=1364
營養保健類,哈克麗康-納麴Q10膠囊,02_detail.php?pdid=1359
營養保健類,利得典藏牛樟芝膠囊,02_detail.php?pdid=1339
營養保健類,陽光康喜鳳梨酵素+納豆,02_detail.php?pdid=1586
營養保健類,寶瓶蜂膠,02_detail.php?pdid=1309
營養保健類,液鈣軟膠囊,02_detail.php?pdid=1304
營養保健類,維他命C 水果軟糖-字母,02_detail.php?pdid=1303
營養保健類,維他命C軟糖,02_detail.php?pdid=1302
營養保健類,萃益敏益生菌,02_detail.php?pdid=1278
營養保健類,活美水素水,02_detail.php?pdid=1271
營養保健類,衛傑膠囊,02_detail.php?pdid=1219
營養保健類,台肥集團･台海生技  Taiwan Yes 鎂日清®粉末包,02_detail.php?pdid=1200
營養保健類,台酒蔬果純釀發酵液,02_detail.php?pdid=1198
營養保健類,易利固,02_detail.php?pdid=1149
營養保健類,利得牛樟芝固態培養菌絲體膠囊,02_detail.php?pdid=1100
營養保健類,台塩生技高單位納豆素膠囊,02_detail.php?pdid=1002
營養保健類,活益素纖維粉,02_detail.php?pdid=999
營養保健類,綠寶®鋅綠藻片,02_detail.php?pdid=966
營養保健類,台糖蠔蜆精,02_detail.php?pdid=545
營養保健類,濃縮甘草喉糖,02_detail.php?pdid=955
營養保健類,國鼎力提牛樟芝菌絲體膠囊,02_detail.php?pdid=405
營養保健類,995生技營養品,02_detail.php?pdid=358
營養保健類,賜多利菁華,02_detail.php?pdid=89
營養保健類,威望常寶寧,02_detail.php?pdid=123
營養保健類,茄紅寶,02_detail.php?pdid=19
營養保健類,L型發酵乳酸鈣,02_detail.php?pdid=596
營養保健類,天然綠藻錠,02_detail.php?pdid=34
營養保健類,天然螺旋藻錠,02_detail.php?pdid=33
營養保健類,褐抑定-加強配方(小分子褐藻醣膠),02_detail.php?pdid=918
營養保健類,桐核麥藍莓微泡飲料,02_detail.php?pdid=741
營養保健類,愛愛生技螺旋藻錠,02_detail.php?pdid=808
營養保健類,海洋鹼性離子水,02_detail.php?pdid=797
營養保健類,綠寶®綠藻片,02_detail.php?pdid=27
營養保健類,加特福GT&F奶粉,02_detail.php?pdid=65
營養保健類,光泉鮮乳-成分無調整,02_detail.php?pdid=136
營養保健類,善笙樟芝菌絲體(紅寶®樟芝),02_detail.php?pdid=225
營養保健類,綠寶®藻精王滋補飲,02_detail.php?pdid=255
營養保健類,樟芝益菌絲體生技營養品,02_detail.php?pdid=359
營養保健類,安可健紅麴膠囊,02_detail.php?pdid=397
營養保健類,綠寶®藍‧綠藻片,02_detail.php?pdid=450
營養保健類,納豆賜康複方膠囊,02_detail.php?pdid=466
營養保健類,錦鴻高麗真珠草,02_detail.php?pdid=512
營養保健類,心之友達Q10紅麴膠囊,02_detail.php?pdid=638
營養保健類,Metamin 健康3D錠狀食品,02_detail.php?pdid=642
營養保健類,生命營養素 ,02_detail.php?pdid=672
營養保健類,台塩生技膠原軟骨素關鍵錠,02_detail.php?pdid=792
營養保健類,台酒生技異麥芽寡醣,02_detail.php?pdid=811
健康科技類,應用AI結合IoT雲端復能運動及營養大數據之高齡肌少症精準照護-「肌少優復」訂閱型服務,02_detail.php?pdid=5866
健康科技類,打造 AI智慧藥局管理平台－從綠杏健康力APP、智慧好醫APP到綠杏健康力商城，客戶服務更貼心,02_detail.php?pdid=5840
健康科技類,iNAP 安鎂負壓睡眠呼吸治療裝置,02_detail.php?pdid=5816
健康科技類,職場健康管理解決方案,02_detail.php?pdid=5746
醫療週邊服務與產品類,華碩手持式超音波醫療解決方案,02_detail.php?pdid=5994
醫療週邊服務與產品類,華碩人工智慧內視鏡病灶偵測系統,02_detail.php?pdid=5977
醫療週邊服務與產品類,慧智癌監控,02_detail.php?pdid=5935
醫療週邊服務與產品類,慧智新生兒基因檢測,02_detail.php?pdid=5934
醫療週邊服務與產品類,遠距醫療虛擬病房平台,02_detail.php?pdid=5903
醫療週邊服務與產品類,思邁輸液系統,02_detail.php?pdid=5893
醫療週邊服務與產品類,細胞因子誘導的殺手細胞產品 (癌可淨),02_detail.php?pdid=5867
醫療週邊服務與產品類,零接觸防疫採檢站,02_detail.php?pdid=5806
醫療週邊服務與產品類,自立行,02_detail.php?pdid=5786
醫療週邊服務與產品類,海昌膠原再生薄膜,02_detail.php?pdid=5722
醫療週邊服務與產品類,亞比斯．可拉®膠原蛋白骨基質,02_detail.php?pdid=5714
醫療週邊服務與產品類,萊克多巴胺快篩片,02_detail.php?pdid=5561
醫療週邊服務與產品類,腦部精準定位手術導航系統,02_detail.php?pdid=5125
醫療週邊服務與產品類,智慧醫療輔助診斷 全解決方案,02_detail.php?pdid=4972
醫療週邊服務與產品類,伊諾來富臨床化學分析儀,02_detail.php?pdid=5123
醫療週邊服務與產品類,吉蔚精準檢驗服務共享平台,02_detail.php?pdid=5257
醫療週邊服務與產品類,Triple A 精銳UDI全方位醫療整合系統,02_detail.php?pdid=5135
醫療週邊服務與產品類,新型冠狀病毒標準品暨呼吸道病毒套組製備與供應,02_detail.php?pdid=5255
醫療週邊服務與產品類,以「抱」治暴~處遇介入  家暴止步,02_detail.php?pdid=5219
醫療週邊服務與產品類,慧智帶因篩檢,02_detail.php?pdid=4712
醫療週邊服務與產品類,免疫療法之精準診斷及客製化治療,02_detail.php?pdid=4450
醫療週邊服務與產品類,脫針漏血偵測裝置：血液透析照護的利器,02_detail.php?pdid=3849
醫療週邊服務與產品類,臨床細胞製劑品質檢測服務,02_detail.php?pdid=4293
醫療週邊服務與產品類,客製化抗衰老健康照護服務,02_detail.php?pdid=3411
醫療週邊服務與產品類,3D列印人工植牙手術,02_detail.php?pdid=3144
醫療週邊服務與產品類,細胞治療 / LuLym-T,02_detail.php?pdid=5849
醫療週邊服務與產品類,e影像管理平台服務,02_detail.php?pdid=5747
醫療週邊服務與產品類,大同醫護 遠距健康照護服務,02_detail.php?pdid=3065
醫療週邊服務與產品類,月子餐膳食服務,02_detail.php?pdid=2658
醫療週邊服務與產品類,全方位母胎健康照護服務 ,02_detail.php?pdid=2916
醫療週邊服務與產品類,提供民眾「生活有智慧，健康無距離」的服務: Health 健康+服務,02_detail.php?pdid=3211
醫療暨保健器材類,船井動力式肌肉刺激器,02_detail.php?pdid=5166
醫療暨保健器材類,麗德翻身式氣墊床,02_detail.php?pdid=5162
醫療暨保健器材類,宇球舒利貼,02_detail.php?pdid=4956
醫療暨保健器材類,奈米薄膜貼布,02_detail.php?pdid=4830
醫療暨保健器材類,“百特”特腎力血液透析器,02_detail.php?pdid=4829
醫療暨保健器材類,全家寶強強寶心電圖機,02_detail.php?pdid=4826
醫療暨保健器材類,全家寶清清寶血糖/總膽固醇/尿酸監測系統,02_detail.php?pdid=4825
醫療暨保健器材類,全家寶健健寶電子血壓計,02_detail.php?pdid=4824
醫療暨保健器材類,亮子紗穴位雕塑科技褲,02_detail.php?pdid=4811
醫療暨保健器材類,中衛醫療口罩,02_detail.php?pdid=3630
醫療暨保健器材類,”衛寶”血液透析器,02_detail.php?pdid=3527
醫療暨保健器材類,綠能奈米運動貼布,02_detail.php?pdid=3420
醫療暨保健器材類,帝康日拋非球面軟性隱形眼鏡(漸進多焦),02_detail.php?pdid=3413
醫療暨保健器材類,世大防褥瘡床墊 (未滅菌),02_detail.php?pdid=3252
醫療暨保健器材類,下肢康復機器人 MRG-P100 系列 ,02_detail.php?pdid=3170
醫療暨保健器材類,中衛酒精棉片Csd Alcohol Prep Pad,02_detail.php?pdid=3117
醫療暨保健器材類,"""信望愛""動力式牽引機",02_detail.php?pdid=491
醫療暨保健器材類,杏一medfirst  減壓三管氣墊床,02_detail.php?pdid=1643
醫療暨保健器材類,GoodARCH足弓矯正器鞋組,02_detail.php?pdid=2554
醫療暨保健器材類,智動床墊,02_detail.php?pdid=2552
醫療暨保健器材類,尼諾斯人工替代骨,02_detail.php?pdid=2057
醫療暨保健器材類,優護4000系列醫療氣墊床組,02_detail.php?pdid=1994
醫療暨保健器材類,帝康臻魅彩色日拋軟性隱形眼鏡,02_detail.php?pdid=1933
醫療暨保健器材類,生命之光Ge32高機能健康活力晶片腰帶,02_detail.php?pdid=1920
醫療暨保健器材類,優效紡醫療器械消毒濕巾(未滅菌),02_detail.php?pdid=2033
醫療暨保健器材類,超低溫冷凍箱,02_detail.php?pdid=408
醫療暨保健器材類,帝康日拋非球面軟性隱形眼鏡,02_detail.php?pdid=1295
醫療暨保健器材類,醫卡低週波治療器,02_detail.php?pdid=978
醫療暨保健器材類,數位式濕熱墊,02_detail.php?pdid=366
醫療暨保健器材類,易眠枕-37,02_detail.php?pdid=64
醫療暨保健器材類,AirCell 系列床墊,02_detail.php?pdid=429
醫療暨保健器材類,精明低周波治療器,02_detail.php?pdid=480
醫療暨保健器材類,美夢舒寶智慧衡溫棉枕頭,02_detail.php?pdid=488
醫療暨保健器材類,海捷特關節腔注射劑,02_detail.php?pdid=518
醫療暨保健器材類,美夢舒寶智慧衡溫棉床墊,02_detail.php?pdid=524
藥品類,益穩挺®注射液,02_detail.php?pdid=5885
藥品類,備昇糖® 鼻用粉劑,02_detail.php?pdid=5819
藥品類,櫻普立皮下注射劑120 毫克,02_detail.php?pdid=5797
藥品類,抑肺纖®軟膠囊 100/150 毫克,02_detail.php?pdid=5795
藥品類,COVID-19 Vaccine AstraZeneca (Vaxzevria),02_detail.php?pdid=5782
藥品類,服脊立,02_detail.php?pdid=5670
藥品類,保癌寧,02_detail.php?pdid=5668
藥品類,恩疼停®注射劑,02_detail.php?pdid=5348
藥品類,喜開悅,02_detail.php?pdid=5273
藥品類,新每康G13%E輸注乳液,02_detail.php?pdid=5282
藥品類,令癌莎膜衣錠 150毫克,02_detail.php?pdid=5192
藥品類,抗生素太捷信（奈諾沙星）,02_detail.php?pdid=5048
藥品類,艾百樂膜衣錠100毫克/40毫克,02_detail.php?pdid=4849
藥品類,艾必克凝®膜衣錠,02_detail.php?pdid=4843
藥品類,大幸正露糖衣錠,02_detail.php?pdid=4822
藥品類,大幸正露丸,02_detail.php?pdid=4821
藥品類,增若托平 GoQuick 注射用筆,02_detail.php?pdid=4279
藥品類,愛乳適膠囊,02_detail.php?pdid=4106
藥品類,永信非炎酸痛水性貼布,02_detail.php?pdid=3902
藥品類,永信允消系列-允消舒黴乳膏,02_detail.php?pdid=3442
藥品類,永信家庭便利藥-理冒消炎噴液劑1.5毫克/毫升,02_detail.php?pdid=3431
藥品類,順天堂RespireAid™ (臺灣清冠一號),02_detail.php?pdid=5828
藥品類,瘤利剋 膜衣錠,02_detail.php?pdid=4800
藥品類,"""中美""舒痛佳錠",02_detail.php?pdid=2162
藥品類,"""中美""便通樂膜衣錠  ",02_detail.php?pdid=1508
藥品類,西福銳吸入用液劑,02_detail.php?pdid=1825
藥品類,富帝芬貼片,02_detail.php?pdid=95
藥品類,"""得生""剋痛藥布",02_detail.php?pdid=250
藥品類,家庭便利藥系列---理冒伊普膠囊,02_detail.php?pdid=344
防疫產品類,酚多精寵物環境/用品除臭液（木酢原味、清新橘油、薰衣草檸檬）,02_detail.php?pdid=6168
防疫產品類,歐銀 愛生活銀離子水,02_detail.php?pdid=5926
防疫產品類,BioLead 防蚊長效噴霧,02_detail.php?pdid=5865
防疫產品類,黃金甲抗菌鍍膜液,02_detail.php?pdid=5845
防疫產品類,外科手術醫用口罩(未滅菌),02_detail.php?pdid=5771
防疫產品類,RIA 保衛者,02_detail.php?pdid=5769
防疫產品類,Xpure旭諾口罩專用抗菌防護罩,02_detail.php?pdid=5758
防疫產品類,智匯網室內環境淨化器,02_detail.php?pdid=5757
防疫產品類,愛活e1優化光觸媒水塗料,02_detail.php?pdid=5748
防疫產品類,南六醫用口罩(未滅菌),02_detail.php?pdid=5744
防疫產品類,立得清抗病毒濕拖巾(12枚),02_detail.php?pdid=5592
防疫產品類,一滴淨蘆薈多酚食品用洗潔精 (柑橘/檸檬),02_detail.php?pdid=5590
防疫產品類,ible Airvida M1 - 穿戴式空氣清淨機,02_detail.php?pdid=5122
防疫產品類,無塵氏ACS酒精抗菌噴霧,02_detail.php?pdid=5266
防疫產品類,無塵氏ACS酒精抗菌拭拖兩用布,02_detail.php?pdid=5270
防疫產品類,黃金盾泡沫式乾洗手,02_detail.php?pdid=5248
防疫產品類,BRISE S1/S1 Pro 抑菌除臭機,02_detail.php?pdid=5027
防疫產品類,南僑水晶葡萄柚籽萃取乾洗手凝露,02_detail.php?pdid=4966
防疫產品類,黃金盾抗菌柔濕巾,02_detail.php?pdid=5071
防疫產品類,水神乾洗手,02_detail.php?pdid=5034
防疫產品類,Dr's Formula 抗菌淨味潔手乳,02_detail.php?pdid=5022
防疫產品類,Dr's Formula燕麥柔膚潔手乳,02_detail.php?pdid=5018
防疫產品類,Dr's Formula 抗菌洗手乳,02_detail.php?pdid=5014
防疫產品類,除菌電解水機器PCF設備(微鹼性次氯酸水),02_detail.php?pdid=5011
防疫產品類,博仕優除菌電解水(微鹼性次氯酸水) ,02_detail.php?pdid=5010
防疫產品類,白因子抗菌液,02_detail.php?pdid=4889
防疫產品類,iSafe Aqua 艾安全電解水(200ppm±15%),02_detail.php?pdid=4931
防疫產品類,酷克電位抗菌水,02_detail.php?pdid=4930
防疫產品類,iSafe Aqua 艾安全電解水(50ppm ±15%),02_detail.php?pdid=4920
防疫產品類,光立潔除菌棒,02_detail.php?pdid=4914
防疫產品類,橘子工坊天然濃縮洗衣精 制菌力99.99%,02_detail.php?pdid=4910
防疫產品類,藍氧棒 2.0 (隨身型臭氧水生成器),02_detail.php?pdid=4908
防疫產品類,橘子工坊制菌靈清潔噴霧,02_detail.php?pdid=4902
防疫產品類,一級淨抗菌液製造機,02_detail.php?pdid=4890
防疫產品類,白因子肌膚清潔防護液,02_detail.php?pdid=4885
防疫產品類,EcoCal®貝殼鈣,02_detail.php?pdid=4881
防疫產品類,i-life一體成型防螨床單,02_detail.php?pdid=4639
防疫產品類,兆著你草本植萃精油防蚊液,02_detail.php?pdid=4580
防疫產品類,立得清抗病毒濕巾,02_detail.php?pdid=4546
防疫產品類,衣物驅蟎噴霧,02_detail.php?pdid=4526
防疫產品類,加護靈 凝膠 / 加護靈 緩釋凝膠,02_detail.php?pdid=4304
防疫產品類,i-life PTFE奈米微孔薄膜口罩,02_detail.php?pdid=4197
防疫產品類,草本小熊檸檬桉油PMD防蚊液,02_detail.php?pdid=4126
防疫產品類,ELECLEAN e立淨消毒噴霧,02_detail.php?pdid=4026
防疫產品類,戴維爵士長效抗菌護膜液,02_detail.php?pdid=4009
防疫產品類,:dc 克微粒奈米薄膜口罩,02_detail.php?pdid=4006
防疫產品類,ApoX防毒霸體外長效噴劑,02_detail.php?pdid=3927
防疫產品類,水神抗菌液,02_detail.php?pdid=3613
防疫產品類,水可靈滅菌水,02_detail.php?pdid=3469
防疫產品類,悍菌遁清香消毒液,02_detail.php?pdid=3457
防疫產品類,品業興醫用口罩,02_detail.php?pdid=3417
防疫產品類,安庭威爾 Antiviria 抗菌防護噴霧,02_detail.php?pdid=3204
防疫產品類,小寶貝Anti-viria防護噴霧,02_detail.php?pdid=3203
防疫產品類,玉潔液,02_detail.php?pdid=3201
防疫產品類,HOCL 0.2t 微酸性電解水生成裝置,02_detail.php?pdid=3171
防疫產品類,清淨海 Dr.VK負離子瞬效消毒滅菌噴霧(除臭+),02_detail.php?pdid=3124
防疫產品類,次綠康健康抗菌液 ,02_detail.php?pdid=3113
防疫產品類,FORDAYS 光合鈦抑菌99.9% 防護噴霧,02_detail.php?pdid=5699
防疫產品類,Aether依鈦抗菌噴霧劑,02_detail.php?pdid=5940
防疫產品類,水清淨全方位抗菌液,02_detail.php?pdid=4417
防疫產品類,美潔漂白水濃度計,02_detail.php?pdid=3060
防疫產品類,Dr's Formula 抗菌噴霧,02_detail.php?pdid=3054
防疫產品類,迪森除臭殺菌劑(Timsen),02_detail.php?pdid=3049
防疫產品類,"""植研"" 醫療器械消毒劑",02_detail.php?pdid=3036
防疫產品類,南僑水晶葡萄柚籽抗菌洗手皂,02_detail.php?pdid=3022
防疫產品類,元琪高效抗菌液,02_detail.php?pdid=3021
防疫產品類,凱竝工業廣效抗菌液,02_detail.php?pdid=3018
防疫產品類,台灣可林廣效抗菌噴霧,02_detail.php?pdid=3016
防疫產品類,sistyle nsp+®奈米矽礦物能量原素,02_detail.php?pdid=3011
防疫產品類,潔芬噴霧式乾洗手劑,02_detail.php?pdid=3005
防疫產品類,潔芬抗菌洗手露,02_detail.php?pdid=3003
防疫產品類,黃金盾抗菌清潔噴劑07,02_detail.php?pdid=3002
防疫產品類,HSP超次亞水,02_detail.php?pdid=3001
防疫產品類,K-clean全方位抗菌液,02_detail.php?pdid=2983
防疫產品類,滅菌健康女褲,02_detail.php?pdid=5702
防疫產品類,病毒崩,02_detail.php?pdid=2894
防疫產品類,OHTrust 納米離子水 ,02_detail.php?pdid=3425
防疫產品類,QQBee 博士淨 抗菌潔手慕斯,02_detail.php?pdid=5613
防疫產品類,水神微酸性次氯酸水生成機,02_detail.php?pdid=3579
防疫產品類,ARC-FLASH光觸媒,02_detail.php?pdid=4044
防疫產品類,艾諾特安心水抗菌液,02_detail.php?pdid=3027
防疫產品類,加護靈 筆 / 加護靈 筆型,02_detail.php?pdid=4305
防疫產品類,寶護專業級除菌噴霧,02_detail.php?pdid=4892
防疫產品類,立可適微酸性電解次氯酸殺菌水生成機,02_detail.php?pdid=2622
防疫產品類,次綠康次氯酸生成設備,02_detail.php?pdid=3850
防疫產品類,酚多精除臭抗菌液（木酢原味、清新橘油、薰衣草檸檬）,02_detail.php?pdid=4808
防疫產品類,ible Airvida C1 - 穿戴式空氣清淨機,02_detail.php?pdid=4470
防疫產品類,南僑水晶葡萄柚籽抗菌洗手液,02_detail.php?pdid=3023
防疫產品類,南僑水晶葡萄柚籽噴霧乾洗手,02_detail.php?pdid=3028
防疫產品類,SHEN淨化恆壓電融式專利,02_detail.php?pdid=3511
防疫產品類,歐克靈次氯酸電解消毒水製造機,02_detail.php?pdid=3085
防疫產品類,克靈固,02_detail.php?pdid=1588
長照健康類,HappyGoGo快樂動一動機構版,02_detail.php?pdid=5941
長照健康類,舒呼樂 呼吸力訓練器,02_detail.php?pdid=5924
長照健康類,MEDI第四代脊椎強化背架,02_detail.php?pdid=5898
長照健康類,iRehab 愛復健智慧服務平台,02_detail.php?pdid=5864
長照健康類,仁寶i照護,02_detail.php?pdid=5839
長照健康類,盤古銀髮生活賦能服務體系,02_detail.php?pdid=5406
長照健康類,QSHION透氣分壓床墊,02_detail.php?pdid=5317
長照健康類,Jubo長照機構數位化解決方案,02_detail.php?pdid=5295
長照健康類,Care U 全方位照護整合服務,02_detail.php?pdid=5103
長照健康類,全齡園區 樂齡住宅-新光金控新板傑仕堡,02_detail.php?pdid=5091
長照健康類,氫美氧生機,02_detail.php?pdid=3830
長照健康類,日勝生集團樂陶居中和館 - 生活如家的社區型樂齡附服務出租宅,02_detail.php?pdid=5624
長照健康類,麗德電子血壓計,02_detail.php?pdid=4298
長照健康類,uCare 長照資訊管理系統,02_detail.php?pdid=5801
化粧品暨用品類,全能激燦夢喚水,02_detail.php?pdid=5761
化粧品暨用品類,Dr's Formula 豐盈喚黑頭皮養護精露,02_detail.php?pdid=6000
化粧品暨用品類,蔘萃回齡撫紋眼霜,02_detail.php?pdid=5908
化粧品暨用品類,蔘萃回齡青春露,02_detail.php?pdid=5871
化粧品暨用品類,6A 高效鎖水防曬霜,02_detail.php?pdid=5742
化粧品暨用品類,ageLOC brighter 鎂光機,02_detail.php?pdid=5694
化粧品暨用品類,ageLOC brighter 鎂光精華,02_detail.php?pdid=5693
化粧品暨用品類,AP 24 潔白牙膏,02_detail.php?pdid=5691
化粧品暨用品類,冰原活萃璀璨精華,02_detail.php?pdid=5335
化粧品暨用品類,舒沉香精油,02_detail.php?pdid=4942
化粧品暨用品類, γ-PGA複方高效保濕精華液,02_detail.php?pdid=5138
化粧品暨用品類,NB-1 抗皺緊膚霜,02_detail.php?pdid=5260
化粧品暨用品類,深層保濕舒敏精華乳,02_detail.php?pdid=5218
化粧品暨用品類,平衡滋養霜,02_detail.php?pdid=5217
化粧品暨用品類,燕窩多胜肽凍晶修復組,02_detail.php?pdid=5061
化粧品暨用品類,婕凡希 專業EGF全能活膚逆齡組,02_detail.php?pdid=4793
化粧品暨用品類,婕凡希 晶彩逆齡經典晚霜,02_detail.php?pdid=4792
化粧品暨用品類,婕凡希 晶彩瞬效緹顏精華露,02_detail.php?pdid=4791
化粧品暨用品類,婕凡希 晶彩緊緻精華乳,02_detail.php?pdid=4790
化粧品暨用品類,安美諾美白修護霜,02_detail.php?pdid=4803
化粧品暨用品類,碧波庭按摩儀,02_detail.php?pdid=4752
化粧品暨用品類,羊珞素®生肌蜜,02_detail.php?pdid=4528
化粧品暨用品類,【YUANLI 願麗】Triple C極效美白乳/80ml,02_detail.php?pdid=4587
化粧品暨用品類,BA-5 肌密抗皺活妍霜,02_detail.php?pdid=4487
化粧品暨用品類,5S3C 蠶綿-絲萃修復面膜,02_detail.php?pdid=4463
化粧品暨用品類,酒好皂-松炭,02_detail.php?pdid=4297
化粧品暨用品類,酒好皂-紅酒泥,02_detail.php?pdid=4296
化粧品暨用品類,酒好皂-清酒粕,02_detail.php?pdid=4295
化粧品暨用品類,VINATA 酒粕維他命亮白面膜,02_detail.php?pdid=4294
化粧品暨用品類,利膚 敏益康私密賦活霜,02_detail.php?pdid=4283
化粧品暨用品類,LumiSpa 新動機,02_detail.php?pdid=4282
化粧品暨用品類,ageLOC Me 新智我儀器,02_detail.php?pdid=4281
化粧品暨用品類,VINATA 酒粕水嫩保濕面膜,02_detail.php?pdid=4271
化粧品暨用品類,SH-RD 蛋白質護髮霜-金箔升級版,02_detail.php?pdid=4246
化粧品暨用品類,肌原修護凝露/初乳胜肽修護精華  ,02_detail.php?pdid=3430
化粧品暨用品類,利膚 敏益康修護霜,02_detail.php?pdid=3169
化粧品暨用品類,水微晶長效鎖水精華液,02_detail.php?pdid=5665
化粧品暨用品類,蘭漾多醣極潤菁華液,02_detail.php?pdid=5796
化粧品暨用品類,Dr's Formula 髮根強化標靶促進液,02_detail.php?pdid=5999
化粧品暨用品類,龍血求麗精華,02_detail.php?pdid=5794
化粧品暨用品類,蓓朵娜HD智慧光感粉底乳霜,02_detail.php?pdid=5316
化粧品暨用品類,白金密集煥白淡斑筆,02_detail.php?pdid=4027
化粧品暨用品類,ZOEYEN GSH 水漾生物纖維面膜,02_detail.php?pdid=2178
化粧品暨用品類,ZOEYEN 小分子抗皺活顏精華露,02_detail.php?pdid=2709
化粧品暨用品類,詩丹雅蘭ALL IN ONE 全效修護精華,02_detail.php?pdid=1323
化粧品暨用品類,歐絲特染髮劑,02_detail.php?pdid=510
化粧品暨用品類,TS6 護一生凝膠,02_detail.php?pdid=557
化粧品暨用品類,台塩鹹淨潔效牙膏,02_detail.php?pdid=817
寵物產品類,倍力鱉蛋爆毛粉,02_detail.php?pdid=5947
寵物產品類,Real Mega魚精油-極萃配方 ,02_detail.php?pdid=5979
寵物產品類,寵安適,02_detail.php?pdid=5961
寵物產品類,調理護膚噴液,02_detail.php?pdid=5334
寵物產品類,舒敏保濕洗毛乳,02_detail.php?pdid=5332
寵物產品類,PS BUBU益口潔 – 犬貓保健口嚼錠,02_detail.php?pdid=5320
寵物產品類,奇芮(愛犬專用益生菌粉),02_detail.php?pdid=5264
寵物產品類,美寶寵物保健量測筆,02_detail.php?pdid=5226
寵物產品類,奧藍多天然無穀貓糧-鮭魚+火雞肉,02_detail.php?pdid=4440
寵物產品類,奧藍多天然無穀貓糧-阿拉斯加鱈魚+羊肉,02_detail.php?pdid=4844
寵物產品類,奧藍多天然無穀貓糧-六種魚,02_detail.php?pdid=4845
寵物產品類,PS BUBU超級黑酵母 – 犬貓保健口嚼錠 ,02_detail.php?pdid=4416
寵物產品類,沛威貓保健--好胃口,02_detail.php?pdid=4543
寵物產品類,沛威狗保健--好胃口,02_detail.php?pdid=4533
寵物產品類,瑞威天然平衡貓糧 2號 森林燉雞,02_detail.php?pdid=4525
寵物產品類,瑞威天然平衡犬糧 3號 海洋魚貝,02_detail.php?pdid=4521
寵物產品類,X-701無穀鴨肉Dd 關節防護配方(狗),02_detail.php?pdid=4448
寵物產品類,陪心寵糧-低敏無穀配方,02_detail.php?pdid=4419
寵物產品類,毛孩每日健康賞--關節好骨力賞,02_detail.php?pdid=4405
生物技術服務類,醫藥級幹細胞儲存服務,02_detail.php?pdid=3209
生物技術服務類,ACTOnco®+癌安克®癌症基因檢測,02_detail.php?pdid=3186
生物技術服務類,臨床等級之造血幹細胞體外無血清增殖培養基,02_detail.php?pdid=2648
生物技術服務類,市民食品安全守護者：天羅地網緝凶 迅速提供真相,02_detail.php?pdid=2869
生物技術服務類,食安桃花園-專業檢驗嚴把關，藥殘無遁形,02_detail.php?pdid=3135
環境清潔產品類,南僑水晶 葡萄柚籽抗菌洗衣液体 ,02_detail.php?pdid=2988
生物科技類,免疫細胞儲存技術與服務,02_detail.php?pdid=1388
生物科技類,慧智非侵產前染色體篩檢,02_detail.php?pdid=2515
生物科技類,魚鱗膠原胜肽,02_detail.php?pdid=1179
生物科技類,生物性標準品之製備與供應,02_detail.php?pdid=2366
生物科技類,洗可麗環保洗衣精,02_detail.php?pdid=2179
生物科技類,老花近視雷射,02_detail.php?pdid=2065
生物科技類,全方位的醫療服務平台,02_detail.php?pdid=1849
生物科技類,復邁,02_detail.php?pdid=1612
生物科技類,客製化免疫細胞儲存服務,02_detail.php?pdid=1593
生物科技類,普力二氧化氯消毒錠,02_detail.php?pdid=1380
生物科技類,血液幹細胞分離及儲存技術,02_detail.php?pdid=1669
生物科技類,偉翔紅樟芝,02_detail.php?pdid=338
生物科技類,國際標準化無特定病原實驗大小鼠,02_detail.php?pdid=885
生物科技類,得生生物纖維面膜,02_detail.php?pdid=765
生物科技類,保亦康口含錠,02_detail.php?pdid=390
生物科技類,功能性益生菌GM-080,02_detail.php?pdid=391
生物科技類,易洗樂洗潔精,02_detail.php?pdid=398
中草藥品類,“忠山”加味女寶湯碎片劑 ,02_detail.php?pdid=820
中草藥品類,勇骨龜鹿膠,02_detail.php?pdid=587
中草藥品類,"""得生""金絲膏水性貼布",02_detail.php?pdid=438
